{
  "arabica": [
    {
      "foto": "images/produk/product_capuchino.jpg",
      "nama": "Cappuccino Arabica",
      "size": "500 Gram",
      "harga": "200.000",
      "link": "https://www.google.com/search?q=cappuccino+arabica&tbm=shop"
        },
    {
      "foto": "images/produk/product_espresso.jpg",
      "nama": "Pahit Arabica",
      "size": "100 Gram",
      "harga": "100.000",
      "link": "https://www.google.com/search?q=pahit+arabica&tbm=shop"
        },
    {
      "foto": "images/produk/product_latte.jpg",
      "nama": "Latte Arabica",
      "size": "150 Gram",
      "harga": "150.000",
      "link": "https://www.google.com/search?q=latte+arabica&tbm=shop"
        }
    ],
  "robusta": [
    {
      "foto": "images/produk/product_kopi_susu.jpg",
      "nama": "Kopsus Robusta",
      "size": "100 Gram",
      "harga": "500.000",
      "link": "https://www.google.com/search?q=kopi+susu+robusta&tbm=shop"
        },
    {
      "foto": "images/produk/product_latte.jpg",
      "nama": "Latte Robusta",
      "size": "150 Gram",
      "harga": "150.000",
      "link": "https://www.google.com/search?q=latte+robusta&tbm=shop"
        }
    ],

  "nonkopi": [
    {
      "foto": "https://encrypted-tbn0.gstatic.com/images?q=tbn:ANd9GcRoY-BsMC7o1uYQXTtmUH-kY317djMgaiYM6g&usqp=CAU",
      "nama": "Kentang Goreng",
      "size": "250 Gram",
      "harga": "500.000",
      "link": "https://www.google.com/search?q=kopi+susu+robusta&tbm=shop"
        },
    {
      "foto": "https://encrypted-tbn0.gstatic.com/images?q=tbn:ANd9GcTryNy576KDlZyRnAf5jo-1jEslDW3816vxsA&usqp=CAU",
      "nama": "Nasi Goreng",
      "size": "450 Gram",
      "harga": "150.000",
      "link": "https://www.google.com/search?q=latte+robusta&tbm=shop"
        },
    {
      "foto": "https://encrypted-tbn0.gstatic.com/images?q=tbn:ANd9GcSLMVPNaGYFQvZzYSrmdyp37VfHicmZ7GAEBg&usqp=CAU",
      "nama": "Es Boba",
      "size": "200 Gram",
      "harga": "170.000",
      "link": "https://www.google.com/search?q=latte+robusta&tbm=shop"
    }
    ]
}